track_uri,track_name,artist_uri,artist_name,album_uri,album_name,Album Artist URI(s),Album Artist Name(s),Album Release Date,Album Image URL,Disc Number,Track Number,Track Duration (ms),Track Preview URL,Explicit,popularity,ISRC,Added By,added_at
spotify:track:1oc92BMKYkNxK17C2GtyRM,Distraction,spotify:artist:6AgTAQt8XS6jRWi4sX7w49,Polo G,spotify:album:30OwIxHqQILQ9vwd86sD3o,Distraction,spotify:artist:6AgTAQt8XS6jRWi4sX7w49,Polo G,2022-06-03,https://i.scdn.co/image/ab67616d0000b2731d78b2b8ab8d17f60a426b53,1,1,171319,https://p.scdn.co/mp3-preview/c0ac6324594b70f37a75d529c4ee55ba55f811a3?cid=9950ac751e34487dbbe027c4fd7f8e99,True,60,USSM12204451,spotify:user:315vu5jn2omfqxo2frbi2xu7d6qm,2025-01-28 01:23:03+00:00
spotify:track:4IxeKzzxUSEgivgtbSbyIK,I Cannot Be (A Sadder Song) (with Gunna),"spotify:artist:246dkjvS1zLTtiykXe5h60, spotify:artist:2hlmm7s2ICUX0LVIhVFlZQ","Post Malone, Gunna",spotify:album:3HHNR44YbP7XogMVwzbodx,Twelve Carat Toothache,spotify:artist:246dkjvS1zLTtiykXe5h60,Post Malone,2022-06-03,https://i.scdn.co/image/ab67616d0000b27334362676667a4322838ccc97,1,6,169824,https://p.scdn.co/mp3-preview/4fda22f58b27cc8ce8338c579ac4394519422bad?cid=9950ac751e34487dbbe027c4fd7f8e99,True,59,USUM72208024,spotify:user:315vu5jn2omfqxo2frbi2xu7d6qm,2025-01-28 01:23:03+00:00
spotify:track:3JKgcAa7r07ocVWcV8bS0H,21,spotify:artist:6AgTAQt8XS6jRWi4sX7w49,Polo G,spotify:album:39xhYyNNDatQtgKw2KdXMz,THE GOAT,spotify:artist:6AgTAQt8XS6jRWi4sX7w49,Polo G,2020-05-15,https://i.scdn.co/image/ab67616d0000b273339f780dfdbc38558ea0761d,1,6,163797,https://p.scdn.co/mp3-preview/c09e16a316653a947c7bfbf329da9346e18e25dc?cid=9950ac751e34487dbbe027c4fd7f8e99,True,74,USQX92002597,spotify:user:315vu5jn2omfqxo2frbi2xu7d6qm,2025-01-28 01:23:03+00:00
spotify:track:7e4KQkp5ZR1gXCAalRjX6B,Nights Like This (feat. Ty Dolla $ign),"spotify:artist:0cGUm45nv7Z6M6qdXYQGTX, spotify:artist:7c0XG5cIJTrrAgEC3ULPiq","Kehlani, Ty Dolla $ign",spotify:album:26g9o6rTzxnnrD2VNefpye,Nights Like This (feat. Ty Dolla $ign),"spotify:artist:0cGUm45nv7Z6M6qdXYQGTX, spotify:artist:7c0XG5cIJTrrAgEC3ULPiq","Kehlani, Ty Dolla $ign",2019-01-10,https://i.scdn.co/image/ab67616d0000b2736433416c411f45e49aed4def,1,1,201787,https://p.scdn.co/mp3-preview/603131313ab97576652b9c0769b2a68296d283ad?cid=9950ac751e34487dbbe027c4fd7f8e99,True,1,USAT21813049,spotify:user:315vu5jn2omfqxo2frbi2xu7d6qm,2025-01-28 01:23:03+00:00
spotify:track:0YSGzWUHMVQ4l7pF4drwq1,Opulent,spotify:artist:2aqdy2BLMhGFHhRb1ZbDCF,MBNel,spotify:album:2boBRPkG9rxQmJm80PhLaE,No Hard Feelings,spotify:artist:2aqdy2BLMhGFHhRb1ZbDCF,MBNel,2021-05-07,https://i.scdn.co/image/ab67616d0000b2732fec22310f824cd3f6324f7f,1,3,166545,https://p.scdn.co/mp3-preview/ef229abb82314aeb3d08ff8234638aecf5b4de17?cid=9950ac751e34487dbbe027c4fd7f8e99,True,51,USUYG1365215,spotify:user:315vu5jn2omfqxo2frbi2xu7d6qm,2025-01-28 01:23:03+00:00
spotify:track:4SIB2yxKoFOrbkjA4zfQbB,Beautiful Pain (Losin My Mind),spotify:artist:6AgTAQt8XS6jRWi4sX7w49,Polo G,spotify:album:39xhYyNNDatQtgKw2KdXMz,THE GOAT,spotify:artist:6AgTAQt8XS6jRWi4sX7w49,Polo G,2020-05-15,https://i.scdn.co/image/ab67616d0000b273339f780dfdbc38558ea0761d,1,9,171441,https://p.scdn.co/mp3-preview/bcc0dc2d9b37988d5aa583ca25836e5cccfbd297?cid=9950ac751e34487dbbe027c4fd7f8e99,True,62,USQX92000782,spotify:user:315vu5jn2omfqxo2frbi2xu7d6qm,2025-01-28 01:23:03+00:00
spotify:track:75ZvA4QfFiZvzhj2xkaWAh,I Fall Apart,spotify:artist:246dkjvS1zLTtiykXe5h60,Post Malone,spotify:album:5s0rmjP8XOPhP6HhqOhuyC,Stoney (Deluxe),spotify:artist:246dkjvS1zLTtiykXe5h60,Post Malone,2016-12-09,https://i.scdn.co/image/ab67616d0000b27355404f712deb84d0650a4b41,1,7,223346,https://p.scdn.co/mp3-preview/2add5c025df9c2208c4b2c3b0357661f2d95eda5?cid=9950ac751e34487dbbe027c4fd7f8e99,True,79,USUM71614475,spotify:user:315vu5jn2omfqxo2frbi2xu7d6qm,2025-01-28 01:23:03+00:00
spotify:track:4UyHP4eJhGOIu9xLHDby95,Love Letter,spotify:artist:0X3nsc84A9qlFilmlWNwQb,Scorey,spotify:album:1Q7gcAozdiGk61c4rQfjCL,Love Letter,spotify:artist:0X3nsc84A9qlFilmlWNwQb,Scorey,2021-06-25,https://i.scdn.co/image/ab67616d0000b273eb58902c17729cac334bc1f2,1,1,172307,https://p.scdn.co/mp3-preview/12c0f330a77ca3c7f0f0b7c60f094af2fefb36b0?cid=9950ac751e34487dbbe027c4fd7f8e99,True,0,USSM12103533,spotify:user:315vu5jn2omfqxo2frbi2xu7d6qm,2025-01-28 01:23:03+00:00
spotify:track:04uMsCRuGU3lycCKyqBc8I,Feelings,spotify:artist:2aqdy2BLMhGFHhRb1ZbDCF,MBNel,spotify:album:0klZ7b7pvTNo03HMuhE1iJ,Misunderstood,spotify:artist:2aqdy2BLMhGFHhRb1ZbDCF,MBNel,2019-03-29,https://i.scdn.co/image/ab67616d0000b2732cd35c3dce2d3c69d7f0ecb2,1,12,155333,https://p.scdn.co/mp3-preview/eed63bdf11f5a5559472566b24edbda1b863bf04?cid=9950ac751e34487dbbe027c4fd7f8e99,True,52,USUYG1244710,spotify:user:315vu5jn2omfqxo2frbi2xu7d6qm,2025-01-28 01:23:03+00:00
spotify:track:6CN7FuZ7o1xle9TNxApGeQ,Holding On,spotify:artist:6ASri4ePR7RlsvIQgWPJpS,iann dior,spotify:album:7CIDA4a6EIj1k88sln1tKl,Holding On,spotify:artist:6ASri4ePR7RlsvIQgWPJpS,iann dior,2020-11-20,https://i.scdn.co/image/ab67616d0000b27387f2fbb170f10f15db9cf739,1,1,126443,https://p.scdn.co/mp3-preview/44060156b1a6fdf30ad376bbbac7521ce451f5f8?cid=9950ac751e34487dbbe027c4fd7f8e99,True,1,QZJ842000716,spotify:user:315vu5jn2omfqxo2frbi2xu7d6qm,2025-01-28 01:23:03+00:00
spotify:track:1OFQT3lHGbnn3x9jPtagXk,Willing To Trust (with Ty Dolla $ign),"spotify:artist:0fA0VVWsXO9YnASrzqfmYu, spotify:artist:7c0XG5cIJTrrAgEC3ULPiq","Kid Cudi, Ty Dolla $ign",spotify:album:4aW4iDepQUl5ZCHd1Gli68,Entergalactic,spotify:artist:0fA0VVWsXO9YnASrzqfmYu,Kid Cudi,2022-09-30,https://i.scdn.co/image/ab67616d0000b27371cecf4c653a4bad539da13d,1,7,282053,https://p.scdn.co/mp3-preview/b89d57874689f28c07c4f85980749a4644f7e2a7?cid=9950ac751e34487dbbe027c4fd7f8e99,True,57,USUM72217832,spotify:user:315vu5jn2omfqxo2frbi2xu7d6qm,2025-01-28 01:23:03+00:00
spotify:track:1JXBNvlDEl2epKSJ9EOgKX,NOT SOBER (feat. Polo G & Stunna Gambino),"spotify:artist:2tIP7SsRs7vjIcLrU85W8J, spotify:artist:6AgTAQt8XS6jRWi4sX7w49, spotify:artist:15ZjD8Gus20Miqw3fdOaXX","The Kid LAROI, Polo G, Stunna Gambino",spotify:album:4bZJWQhHKJckFLJuYdvyX2,F*CK LOVE 3: OVER YOU,spotify:artist:2tIP7SsRs7vjIcLrU85W8J,The Kid LAROI,2021-07-23,https://i.scdn.co/image/ab67616d0000b2738e6551a2944764bc8e33a960,1,2,216000,https://p.scdn.co/mp3-preview/3fd955ef1a1f5d5e54e164df1a3ede4689f6db8e?cid=9950ac751e34487dbbe027c4fd7f8e99,True,2,USSM12104952,spotify:user:315vu5jn2omfqxo2frbi2xu7d6qm,2025-01-28 01:23:03+00:00
spotify:track:1VLtjHwRWOVJiE5Py7JxoQ,Martin & Gina,spotify:artist:6AgTAQt8XS6jRWi4sX7w49,Polo G,spotify:album:39xhYyNNDatQtgKw2KdXMz,THE GOAT,spotify:artist:6AgTAQt8XS6jRWi4sX7w49,Polo G,2020-05-15,https://i.scdn.co/image/ab67616d0000b273339f780dfdbc38558ea0761d,1,3,132832,https://p.scdn.co/mp3-preview/26ae09172d72ee19e5752397269942b476fa0b0f?cid=9950ac751e34487dbbe027c4fd7f8e99,True,78,USQX92002595,spotify:user:315vu5jn2omfqxo2frbi2xu7d6qm,2025-01-28 01:23:03+00:00
spotify:track:6XSMzizSjVJB8SJFe3UQJD,morning time,spotify:artist:2kCO8LXN1usaOPL3iEE28I,Tai Verdes,spotify:album:6TIzz9Z4n03E5USTDzBweS,HDTV,spotify:artist:2kCO8LXN1usaOPL3iEE28I,Tai Verdes,2022-09-16,https://i.scdn.co/image/ab67616d0000b273a41aa93ae4c465ec34734c7e,1,12,191466,https://p.scdn.co/mp3-preview/b2cf29dccedbd60dbd3ce196c668190a63965a76?cid=9950ac751e34487dbbe027c4fd7f8e99,True,34,USAR12200372,spotify:user:315vu5jn2omfqxo2frbi2xu7d6qm,2025-01-28 01:23:03+00:00
spotify:track:0kUz4NuENHYVUChlthlNaB,The Best Part of Life,spotify:artist:0H39MdGGX6dbnnQPt6NQkZ,SAINt JHN,spotify:album:3TrtHC3Pq5wtbbiGspOxWq,The Best Part of Life,spotify:artist:0H39MdGGX6dbnnQPt6NQkZ,SAINt JHN,2021-12-17,https://i.scdn.co/image/ab67616d0000b273fe71b4a228f092da421125b3,1,1,196873,https://p.scdn.co/mp3-preview/f24f7939d56401ddd08e1d828e2b9e4676b695ad?cid=9950ac751e34487dbbe027c4fd7f8e99,False,1,ZZOPM2117703,spotify:user:315vu5jn2omfqxo2frbi2xu7d6qm,2025-01-28 01:23:03+00:00
spotify:track:0bytLQW2lHZf8QcSaXnGMc,Bottle Girls (feat. Polo G & Almighty Jay),"spotify:artist:77PzT8wY3OapM2BHoyACz5, spotify:artist:6AgTAQt8XS6jRWi4sX7w49, spotify:artist:2HWXxzgBIr0RMSZmvMZeJU","Manifest, Polo G, Almighty Jay",spotify:album:5U1QskyIQkYSdRrtiHKPuG,Bottle Girls (feat. Polo G & Almighty Jay),"spotify:artist:77PzT8wY3OapM2BHoyACz5, spotify:artist:6AgTAQt8XS6jRWi4sX7w49, spotify:artist:2HWXxzgBIr0RMSZmvMZeJU","Manifest, Polo G, Almighty Jay",2022-10-07,https://i.scdn.co/image/ab67616d0000b2736a6c790fed3b19ab9b762f7d,1,1,135600,https://p.scdn.co/mp3-preview/7a68295cbbf972a98d3bc8cd171e090e08193e20?cid=9950ac751e34487dbbe027c4fd7f8e99,True,48,USLD91741023,spotify:user:315vu5jn2omfqxo2frbi2xu7d6qm,2025-01-28 01:23:03+00:00
spotify:track:5ie5OPdaP9fivYaKcjwKF1,Alone,spotify:artist:45TgXXqMDdF8BkjA83OM7z,Rod Wave,spotify:album:0QdrshIUWbNGzw4dAtrLlL,Beautiful Mind,spotify:artist:45TgXXqMDdF8BkjA83OM7z,Rod Wave,2022-08-12,https://i.scdn.co/image/ab67616d0000b2738693303a558cd66d779d49f1,1,1,191158,https://p.scdn.co/mp3-preview/b555e54577a6ea47b473d153abfff517798ae7a3?cid=9950ac751e34487dbbe027c4fd7f8e99,True,62,USQX92203746,spotify:user:315vu5jn2omfqxo2frbi2xu7d6qm,2025-01-28 01:23:03+00:00
spotify:track:1bTePirEX40pt4IbpthGmX,Take Me Away,spotify:artist:2aqdy2BLMhGFHhRb1ZbDCF,MBNel,spotify:album:0klZ7b7pvTNo03HMuhE1iJ,Misunderstood,spotify:artist:2aqdy2BLMhGFHhRb1ZbDCF,MBNel,2019-03-29,https://i.scdn.co/image/ab67616d0000b2732cd35c3dce2d3c69d7f0ecb2,1,2,170126,https://p.scdn.co/mp3-preview/6903d3c1ef67eec3364d9ca4d6d822f5df199de4?cid=9950ac751e34487dbbe027c4fd7f8e99,True,31,USUYG1244700,spotify:user:315vu5jn2omfqxo2frbi2xu7d6qm,2025-01-28 01:23:03+00:00
spotify:track:1HvTxgCj0mTzQlEo0zLvFb,In My Head,spotify:artist:6jGMq4yGs7aQzuGsMgVgZR,Lil Tjay,spotify:album:5pK7kqzGXSY7xoLMhfHlql,In My Head,spotify:artist:6jGMq4yGs7aQzuGsMgVgZR,Lil Tjay,2022-04-01,https://i.scdn.co/image/ab67616d0000b2731e6a9d4ce04b67a455ed6b8c,1,1,135264,https://p.scdn.co/mp3-preview/115fbd9a34ae8dcb45b667c7a5e0595b70e25f24?cid=9950ac751e34487dbbe027c4fd7f8e99,True,68,USSM12202421,spotify:user:315vu5jn2omfqxo2frbi2xu7d6qm,2025-01-28 01:23:03+00:00
spotify:track:79MSEdtXuudhGhC5AtG07g,Break from Toronto,spotify:artist:2HPaUgqeutzr3jx5a9WyDV,PARTYNEXTDOOR,spotify:album:4EZoN6mRXNcGxHXZC2doJH,PARTYNEXTDOOR,spotify:artist:2HPaUgqeutzr3jx5a9WyDV,PARTYNEXTDOOR,2013-07-01,https://i.scdn.co/image/ab67616d0000b2730a4fd8aa50652821b1a2a054,1,6,99213,https://p.scdn.co/mp3-preview/89f708c823dc7d3827d2f063b9075b51ec47f446?cid=9950ac751e34487dbbe027c4fd7f8e99,True,4,USWB11302160,spotify:user:315vu5jn2omfqxo2frbi2xu7d6qm,2025-01-28 01:23:03+00:00
spotify:track:1TlTzdsEpgfsmbuNfYmWfG,For Tonight,spotify:artist:4fxd5Ee7UefO4CUXgwJ7IP,GIVĒON,spotify:album:64LkgCfNbLqjclQYCTid8L,Give Or Take,spotify:artist:4fxd5Ee7UefO4CUXgwJ7IP,GIVĒON,2022-06-24,https://i.scdn.co/image/ab67616d0000b2732739e569d6b6d0e0abc8cd9b,1,9,192257,https://p.scdn.co/mp3-preview/21c4de8a41883dd6468503d6139bfad7e98b610f?cid=9950ac751e34487dbbe027c4fd7f8e99,False,68,USSM12106837,spotify:user:315vu5jn2omfqxo2frbi2xu7d6qm,2025-01-28 01:23:03+00:00
spotify:track:34chhNX59Wo9HMFCsI3K8Y,Memory,"spotify:artist:3oSJ7TBVCWMDMiYjXNiCKE, spotify:artist:2cFrymmkijnjDg9SS92EPM","Kane Brown, blackbear",spotify:album:0jpQZkMeWh9yysxyTSCywk,Memory,"spotify:artist:3oSJ7TBVCWMDMiYjXNiCKE, spotify:artist:2cFrymmkijnjDg9SS92EPM","Kane Brown, blackbear",2021-07-09,https://i.scdn.co/image/ab67616d0000b2732a0806c429ec46624d028435,1,1,153337,https://p.scdn.co/mp3-preview/77e5e413abd2f2809672e9c061542882b1a59a80?cid=9950ac751e34487dbbe027c4fd7f8e99,False,66,USRN12100086,spotify:user:315vu5jn2omfqxo2frbi2xu7d6qm,2025-01-28 01:23:03+00:00
spotify:track:7CmNyEQUpNSX6RMM5Fw3os,DOORS UNLOCKED (feat. Ty Dolla $ign & Polo G),"spotify:artist:3CbYyyd8wH3RT6t0jwpdzC, spotify:artist:6AgTAQt8XS6jRWi4sX7w49, spotify:artist:7c0XG5cIJTrrAgEC3ULPiq","Murda Beatz, Polo G, Ty Dolla $ign",spotify:album:1l8cso9L0nNR3GuiB5mKve,DOORS UNLOCKED (feat. Ty Dolla $ign & Polo G),spotify:artist:3CbYyyd8wH3RT6t0jwpdzC,Murda Beatz,2020-07-31,https://i.scdn.co/image/ab67616d0000b273f61c63b10ec1192e647fe7d6,1,1,171888,https://p.scdn.co/mp3-preview/f76a9e98d21db330dbb880f6b149c8bd99cc5b43?cid=9950ac751e34487dbbe027c4fd7f8e99,True,48,USUM72014336,spotify:user:315vu5jn2omfqxo2frbi2xu7d6qm,2025-01-28 01:23:03+00:00
spotify:track:40j4RoqmLiivqzRObbQ4BF,I Know,spotify:artist:6AgTAQt8XS6jRWi4sX7w49,Polo G,spotify:album:39xhYyNNDatQtgKw2KdXMz,THE GOAT,spotify:artist:6AgTAQt8XS6jRWi4sX7w49,Polo G,2020-05-15,https://i.scdn.co/image/ab67616d0000b273339f780dfdbc38558ea0761d,1,8,176574,https://p.scdn.co/mp3-preview/d8bc03443ef9772174f3cf4a074aa04627945677?cid=9950ac751e34487dbbe027c4fd7f8e99,True,70,USQX92002599,spotify:user:315vu5jn2omfqxo2frbi2xu7d6qm,2025-01-28 01:23:03+00:00
spotify:track:2U5WueTLIK5WJLD7mvDODv,Wishing Well,spotify:artist:4MCBfE4596Uoi2O4DtmEMz,Juice WRLD,spotify:album:6n9DKpOxwifT5hOXtgLZSL,Legends Never Die,spotify:artist:4MCBfE4596Uoi2O4DtmEMz,Juice WRLD,2020-07-10,https://i.scdn.co/image/ab67616d0000b2733e0698e4ae5ffb82a005aeeb,1,15,194621,https://p.scdn.co/mp3-preview/68d8145a16fd9072be92d8004880dfab0f4dafdc?cid=9950ac751e34487dbbe027c4fd7f8e99,True,80,USUG12001905,spotify:user:315vu5jn2omfqxo2frbi2xu7d6qm,2025-01-28 01:23:03+00:00
spotify:track:6EbVuwU7EnKeF2hdpViXCH,Die Young (feat. 347aidan),"spotify:artist:6EPlBSH2RSiettczlz7ihV, spotify:artist:0bBz5bRBkExaej2HxtVfCw","Sleepy Hallow, 347aidan",spotify:album:33C2Ujqsq5tFa93LtafTHN,Die Young (feat. 347aidan),"spotify:artist:6EPlBSH2RSiettczlz7ihV, spotify:artist:0bBz5bRBkExaej2HxtVfCw","Sleepy Hallow, 347aidan",2022-05-25,https://i.scdn.co/image/ab67616d0000b273e44e304f52a82a3463ce5761,1,1,148816,https://p.scdn.co/mp3-preview/181e8600b18a81326d6621d0a443364a4c1dfd49?cid=9950ac751e34487dbbe027c4fd7f8e99,True,65,USRC12201686,spotify:user:315vu5jn2omfqxo2frbi2xu7d6qm,2025-01-28 01:23:03+00:00
spotify:track:2eAZfqOm4EnOF9VvN50Tyc,The Way Life Goes (feat. Oh Wonder),"spotify:artist:4O15NlyKLIASxsJ0PrXPfz, spotify:artist:5cIc3SBFuBLVxJz58W2tU9","Lil Uzi Vert, Oh Wonder",spotify:album:733e1ZfktLSwj96X5rsMeE,Luv Is Rage 2,spotify:artist:4O15NlyKLIASxsJ0PrXPfz,Lil Uzi Vert,2017-08-25,https://i.scdn.co/image/ab67616d0000b273f23aee9d3be9fcbca1bc6352,1,5,221746,https://p.scdn.co/mp3-preview/80d5a005febd46fdf05e905fc18437bd7388075d?cid=9950ac751e34487dbbe027c4fd7f8e99,True,81,USAT21703429,spotify:user:315vu5jn2omfqxo2frbi2xu7d6qm,2025-01-28 01:23:03+00:00
spotify:track:7k0wVBW3cvV6Xmb87JikIf,Last Call,spotify:artist:6LuN9FCkKOj5PcnpouEgny,Khalid,spotify:album:3ZLZkAJBG98Bg0K8xUEhIn,Last Call,spotify:artist:6LuN9FCkKOj5PcnpouEgny,Khalid,2022-03-03,https://i.scdn.co/image/ab67616d0000b273a58ea8506e1b257cfad72aba,1,1,191375,https://p.scdn.co/mp3-preview/da81e733e8207cd494f7357a9cf9eb998f24ac80?cid=9950ac751e34487dbbe027c4fd7f8e99,False,58,USRC12200429,spotify:user:315vu5jn2omfqxo2frbi2xu7d6qm,2025-01-28 01:23:03+00:00
spotify:track:25qk9xa71F1POdI4vj7rbi,Black Hearted,spotify:artist:6AgTAQt8XS6jRWi4sX7w49,Polo G,spotify:album:7KSf6p0G0mZd7j60etVTwT,Hall of Fame,spotify:artist:6AgTAQt8XS6jRWi4sX7w49,Polo G,2021-06-11,https://i.scdn.co/image/ab67616d0000b273a493e05c99d8ec5e8020ff2b,1,8,190509,https://p.scdn.co/mp3-preview/6f0ffc94cb2bb53c37494012bf8d0ed64bbe59d8?cid=9950ac751e34487dbbe027c4fd7f8e99,True,63,USSM12103061,spotify:user:315vu5jn2omfqxo2frbi2xu7d6qm,2025-01-28 01:23:03+00:00
spotify:track:2UQ2oUbHiB8wWYCE42JX0k,My All,spotify:artist:6AgTAQt8XS6jRWi4sX7w49,Polo G,spotify:album:0TDPqwRP3NuPYnxm45BqPg,My All,spotify:artist:6AgTAQt8XS6jRWi4sX7w49,Polo G,2022-12-09,https://i.scdn.co/image/ab67616d0000b27385a1396e27ffc1d8c9bbe7e1,1,1,197692,https://p.scdn.co/mp3-preview/b836c82e83236af9833c0b9db3de76f4bf27ad58?cid=9950ac751e34487dbbe027c4fd7f8e99,True,57,USSM12206963,spotify:user:315vu5jn2omfqxo2frbi2xu7d6qm,2025-01-28 01:23:03+00:00
spotify:track:0NvHg9fiix03UG7hdYx6DI,So Real,spotify:artist:6AgTAQt8XS6jRWi4sX7w49,Polo G,spotify:album:7KSf6p0G0mZd7j60etVTwT,Hall of Fame,spotify:artist:6AgTAQt8XS6jRWi4sX7w49,Polo G,2021-06-11,https://i.scdn.co/image/ab67616d0000b273a493e05c99d8ec5e8020ff2b,1,16,164725,https://p.scdn.co/mp3-preview/802a9372799cfb25b8c4b9b6c1957b308d791f20?cid=9950ac751e34487dbbe027c4fd7f8e99,True,55,USSM12103068,spotify:user:315vu5jn2omfqxo2frbi2xu7d6qm,2025-01-28 01:23:03+00:00
spotify:track:4SWWe2OYC4mqf40Gc2RSdl,Down Below,spotify:artist:757aE44tKEUQEqRuT6GnEB,Roddy Ricch,spotify:album:1jlIU9p7PChTK3AeqNpnsX,Feed Tha Streets II,spotify:artist:757aE44tKEUQEqRuT6GnEB,Roddy Ricch,2018-11-02,https://i.scdn.co/image/ab67616d0000b273434f4eeb4231f6f4862cafd4,1,11,224002,https://p.scdn.co/mp3-preview/15a23e2437ea5d9a21f5a85a98b7ee4b694ef1b1?cid=9950ac751e34487dbbe027c4fd7f8e99,True,74,USAT21811792,spotify:user:315vu5jn2omfqxo2frbi2xu7d6qm,2025-01-28 01:23:03+00:00
spotify:track:2lCksaXDjYoYBiBtODuNFG,Get Money (feat. Polo G),"spotify:artist:0X3nsc84A9qlFilmlWNwQb, spotify:artist:6AgTAQt8XS6jRWi4sX7w49","Scorey, Polo G",spotify:album:7JNS0SjmLodxUxHJ1SJvhn,Help Is On The Way,spotify:artist:0X3nsc84A9qlFilmlWNwQb,Scorey,2022-12-09,https://i.scdn.co/image/ab67616d0000b273a125d0969ecfa92a9d08809a,1,3,152195,https://p.scdn.co/mp3-preview/da051a3ce2ee60a033512e56e9fc741ab6d8fa89?cid=9950ac751e34487dbbe027c4fd7f8e99,True,46,USSM12210937,spotify:user:315vu5jn2omfqxo2frbi2xu7d6qm,2025-01-28 01:23:03+00:00
spotify:track:0IJA9KP6rT55jrP1YpTdhx,Out Of Love (feat. Internet Money),"spotify:artist:4Ga1P7PMIsmqEZqhYZQgDo, spotify:artist:6MPCFvOQv5cIGfw3jODMF0","Lil Tecca, Internet Money",spotify:album:389zGArsMlwuPorS4Cw7IX,Virgo World,spotify:artist:4Ga1P7PMIsmqEZqhYZQgDo,Lil Tecca,2020-09-18,https://i.scdn.co/image/ab67616d0000b2732026d0048432d395f6f715b5,1,19,153626,https://p.scdn.co/mp3-preview/fe84b8d1a2c87a6a03fbc6f737a3c09f8f280ef3?cid=9950ac751e34487dbbe027c4fd7f8e99,True,74,USUM72007332,spotify:user:315vu5jn2omfqxo2frbi2xu7d6qm,2025-01-28 01:23:03+00:00
spotify:track:6HnxpzcWO6mXbaGuzqdf3i,Girls Love Rod Wave,spotify:artist:0X3nsc84A9qlFilmlWNwQb,Scorey,spotify:album:7JNS0SjmLodxUxHJ1SJvhn,Help Is On The Way,spotify:artist:0X3nsc84A9qlFilmlWNwQb,Scorey,2022-12-09,https://i.scdn.co/image/ab67616d0000b273a125d0969ecfa92a9d08809a,1,12,130965,https://p.scdn.co/mp3-preview/fecf5fe02957fd5a87ce51400685b981d9fe820c?cid=9950ac751e34487dbbe027c4fd7f8e99,False,63,USSM12201213,spotify:user:315vu5jn2omfqxo2frbi2xu7d6qm,2025-01-28 01:23:03+00:00
spotify:track:5Y3ID1NKAg8qydyVCrM7ji,Partin Ways,spotify:artist:6AgTAQt8XS6jRWi4sX7w49,Polo G,spotify:album:2rLqUcipEjIKK9rma5OTN8,Hall of Fame 2.0,spotify:artist:6AgTAQt8XS6jRWi4sX7w49,Polo G,2021-12-03,https://i.scdn.co/image/ab67616d0000b2734f5212ccbffc94a609f0fb00,1,11,170322,https://p.scdn.co/mp3-preview/5035c230623c50fefb9424aa7858bb4a9d5487f4?cid=9950ac751e34487dbbe027c4fd7f8e99,True,67,USSM12108936,spotify:user:315vu5jn2omfqxo2frbi2xu7d6qm,2025-01-28 01:23:03+00:00
spotify:track:2OcSE0EXzgUuqkM1NIJPHJ,Wasting Angels (with The Kid LAROI),"spotify:artist:246dkjvS1zLTtiykXe5h60, spotify:artist:2tIP7SsRs7vjIcLrU85W8J","Post Malone, The Kid LAROI",spotify:album:3HHNR44YbP7XogMVwzbodx,Twelve Carat Toothache,spotify:artist:246dkjvS1zLTtiykXe5h60,Post Malone,2022-06-03,https://i.scdn.co/image/ab67616d0000b27334362676667a4322838ccc97,1,9,243158,https://p.scdn.co/mp3-preview/489218eba23276100eafe0883b105042ecb3d4fd?cid=9950ac751e34487dbbe027c4fd7f8e99,False,62,USUM72208027,spotify:user:315vu5jn2omfqxo2frbi2xu7d6qm,2025-01-28 01:23:03+00:00
spotify:track:0LwZjpeiM0f28VpFvqOSYQ,Guns And Roses,spotify:artist:0X3nsc84A9qlFilmlWNwQb,Scorey,spotify:album:7JNS0SjmLodxUxHJ1SJvhn,Help Is On The Way,spotify:artist:0X3nsc84A9qlFilmlWNwQb,Scorey,2022-12-09,https://i.scdn.co/image/ab67616d0000b273a125d0969ecfa92a9d08809a,1,13,174545,https://p.scdn.co/mp3-preview/146cd21a65b2a158329ed351abd6132e3bceb7c5?cid=9950ac751e34487dbbe027c4fd7f8e99,True,36,USSM12210943,spotify:user:315vu5jn2omfqxo2frbi2xu7d6qm,2025-01-28 01:23:03+00:00
spotify:track:15tS2filylXQNjzLuwCnNI,Same,spotify:artist:6HgEIsWCHekTTfnbOGJa3g,Fresco Trey,spotify:album:7AEKECxwNDqpVetoVg60TB,Heartbreak Diaries 2,spotify:artist:6HgEIsWCHekTTfnbOGJa3g,Fresco Trey,2022-05-13,https://i.scdn.co/image/ab67616d0000b27343b172c977aa51674df0ad1d,1,2,137518,https://p.scdn.co/mp3-preview/bcf964e6a1775c3a5ac9f366c84efa9abb5b0c63?cid=9950ac751e34487dbbe027c4fd7f8e99,True,31,USWB12201667,spotify:user:315vu5jn2omfqxo2frbi2xu7d6qm,2025-01-28 01:23:03+00:00
spotify:track:65rA5ARQlIA4HG2KWypW3g,Decisions,spotify:artist:6AgTAQt8XS6jRWi4sX7w49,Polo G,spotify:album:2rLqUcipEjIKK9rma5OTN8,Hall of Fame 2.0,spotify:artist:6AgTAQt8XS6jRWi4sX7w49,Polo G,2021-12-03,https://i.scdn.co/image/ab67616d0000b2734f5212ccbffc94a609f0fb00,1,9,159000,https://p.scdn.co/mp3-preview/23a613e45cee8f096bb22aef8cfcb9756c76ff2c?cid=9950ac751e34487dbbe027c4fd7f8e99,True,47,USSM12108934,spotify:user:315vu5jn2omfqxo2frbi2xu7d6qm,2025-01-28 01:23:03+00:00
spotify:track:0Y2Kws2FLqtPzhaEm3EHsk,Awful Times,spotify:artist:2kVjscf1aFrUPMXVBxsI1y,Flockk,spotify:album:4FvgCRlKsiYUiXPQceTm3t,Awful Times,spotify:artist:2kVjscf1aFrUPMXVBxsI1y,Flockk,2022-12-21,https://i.scdn.co/image/ab67616d0000b273ea4183def6cff415fd657721,1,1,168077,https://p.scdn.co/mp3-preview/538254fc213c972d6578a3df3d882cc6823c222d?cid=9950ac751e34487dbbe027c4fd7f8e99,True,0,NLHR52132779,spotify:user:315vu5jn2omfqxo2frbi2xu7d6qm,2025-01-28 01:23:03+00:00
spotify:track:5Q5tvvXU8uspalxqbv2Mf1,Fked Up,spotify:artist:6HgEIsWCHekTTfnbOGJa3g,Fresco Trey,spotify:album:6PkixO9brM1nJyMJpadrM8,Fked Up,spotify:artist:6HgEIsWCHekTTfnbOGJa3g,Fresco Trey,2020-08-16,https://i.scdn.co/image/ab67616d0000b2730d920b36d4c1ddb3e07bc07f,1,1,172956,https://p.scdn.co/mp3-preview/a8b68630f0c41205e5b730426d61218ac293cc4a?cid=9950ac751e34487dbbe027c4fd7f8e99,True,42,TCAFB2017621,spotify:user:315vu5jn2omfqxo2frbi2xu7d6qm,2025-01-28 01:23:03+00:00
spotify:track:0DILU9jjSTnCv1dcbUH3ib,Sick and Tired (ft. Machine Gun Kelly and Travis Barker),"spotify:artist:6ASri4ePR7RlsvIQgWPJpS, spotify:artist:6TIYQ3jFPwQSRmorSezPxX, spotify:artist:4exLIFE8sISLr28sqG1qNX","iann dior, mgk, Travis Barker",spotify:album:4Wb5bU9FkmZ84WkkL37rKA,I'm Gone,spotify:artist:6ASri4ePR7RlsvIQgWPJpS,iann dior,2020-06-12,https://i.scdn.co/image/ab67616d0000b27316f00890f319eaccf4dd1570,1,6,144000,https://p.scdn.co/mp3-preview/9237324ab7ff3883eb9eff6b04fd4910032fc60d?cid=9950ac751e34487dbbe027c4fd7f8e99,False,2,QZJ842000212,spotify:user:315vu5jn2omfqxo2frbi2xu7d6qm,2025-01-28 01:23:03+00:00
spotify:track:7vGuf3Y35N4wmASOKLUVVU,Silence,"spotify:artist:64KEffDW9EtZ1y2vBYgq8T, spotify:artist:6LuN9FCkKOj5PcnpouEgny","Marshmello, Khalid",spotify:album:2bw00gRKNKbTFOqCkohbSh,Silence,"spotify:artist:64KEffDW9EtZ1y2vBYgq8T, spotify:artist:6LuN9FCkKOj5PcnpouEgny","Marshmello, Khalid",2017-08-11,https://i.scdn.co/image/ab67616d0000b273f33ba583059dc2f7d08bf2b8,1,1,180822,https://p.scdn.co/mp3-preview/26ea0841d3e1dd4eec371df3c79fbcc4a6aed42d?cid=9950ac751e34487dbbe027c4fd7f8e99,False,82,USRC11701901,spotify:user:315vu5jn2omfqxo2frbi2xu7d6qm,2025-01-28 01:23:03+00:00
spotify:track:2Y0wPrPQBrGhoLn14xRYCG,Come & Go (with Marshmello),"spotify:artist:4MCBfE4596Uoi2O4DtmEMz, spotify:artist:64KEffDW9EtZ1y2vBYgq8T","Juice WRLD, Marshmello",spotify:album:6n9DKpOxwifT5hOXtgLZSL,Legends Never Die,spotify:artist:4MCBfE4596Uoi2O4DtmEMz,Juice WRLD,2020-07-10,https://i.scdn.co/image/ab67616d0000b2733e0698e4ae5ffb82a005aeeb,1,12,205484,https://p.scdn.co/mp3-preview/56bf05555aca85738ac99236d8fd58a936c47e36?cid=9950ac751e34487dbbe027c4fd7f8e99,True,77,USUG12001904,spotify:user:315vu5jn2omfqxo2frbi2xu7d6qm,2025-01-28 01:23:03+00:00
spotify:track:0ZqL6UhrqydZE4DaXvCMeT,Liege wieder wach,spotify:artist:4sVieJlKgpZ2k9ESNS5IdN,Jamule,spotify:album:2rwuHAmXq1BgYGvcQT6rXb,Liege wieder wach,spotify:artist:4sVieJlKgpZ2k9ESNS5IdN,Jamule,2021-04-22,https://i.scdn.co/image/ab67616d0000b273ad5d6f4a25265ee5093d9e86,1,1,176250,https://p.scdn.co/mp3-preview/92f9e0421bd677c84204dd1c97e7f1bfc01b26a9?cid=9950ac751e34487dbbe027c4fd7f8e99,True,56,DECE72100096,spotify:user:315vu5jn2omfqxo2frbi2xu7d6qm,2025-01-28 01:23:03+00:00
spotify:track:7dq9QIXx5eIz6w2MNzTan4,ALLEINE - SW43 L33 D1DO REMIX,"spotify:artist:4PvnP3yCzrT289cX3wCdOx, spotify:artist:6Lmd2o8n2pZUkFb8RnGzhb","Yung Hurn, SW43 L33 D1DO",spotify:album:0ozheCbpwPZOCFFzkz1msF,ALLEINE (SW43 L33 D1DO REMIX),"spotify:artist:4PvnP3yCzrT289cX3wCdOx, spotify:artist:6Lmd2o8n2pZUkFb8RnGzhb","Yung Hurn, SW43 L33 D1DO",2022-09-16,https://i.scdn.co/image/ab67616d0000b27313f5691c65d5da459f3b8cfc,1,1,144005,https://p.scdn.co/mp3-preview/782137eab5d95afece29a2ab9a496fcc0268086f?cid=9950ac751e34487dbbe027c4fd7f8e99,False,51,DEA622201456,spotify:user:315vu5jn2omfqxo2frbi2xu7d6qm,2025-01-28 01:23:03+00:00
spotify:track:2iqMQI7yxuG8TcGQAJPZhj,Rescue,spotify:artist:3n8GvDXY1OgG57akv31SHK,Yatta Bandz,spotify:album:50pGwcHiol4K7dRGi5CecK,Perfect Storm,spotify:artist:3n8GvDXY1OgG57akv31SHK,Yatta Bandz,2022-05-06,https://i.scdn.co/image/ab67616d0000b2735062812c1763daec31482add,1,7,145202,https://p.scdn.co/mp3-preview/58c0313b383a38d9a18c47226d2664353aca25f4?cid=9950ac751e34487dbbe027c4fd7f8e99,True,49,USUYG1417562,spotify:user:315vu5jn2omfqxo2frbi2xu7d6qm,2025-01-28 01:23:03+00:00
spotify:track:0BtIXZTbb0cczvMEvZILDJ,Molly (feat. Bausa),"spotify:artist:0hKUUP3J5Dc69cQur3U2nV, spotify:artist:13bDjug9N0pyv3ZUINjkDV","Selmon, Bausa",spotify:album:3jag5n0erRM7pI85DCers3,Molly (feat. Bausa),"spotify:artist:0hKUUP3J5Dc69cQur3U2nV, spotify:artist:13bDjug9N0pyv3ZUINjkDV","Selmon, Bausa",2022-01-06,https://i.scdn.co/image/ab67616d0000b27314c3416e49f6b1020f445018,1,1,159822,https://p.scdn.co/mp3-preview/9485f5c10975caead6ed15cf4532dd0c4cbb4ba2?cid=9950ac751e34487dbbe027c4fd7f8e99,True,49,DE1AV2200001,spotify:user:315vu5jn2omfqxo2frbi2xu7d6qm,2025-01-28 01:23:03+00:00
spotify:track:2XRn6Qu0Wd1KvOND8JbaTx,Beautiful Girl,spotify:artist:3CJKkU0XuElRT1z8rEtIYg,Luciano,spotify:album:2dG0GF5ikINJmc7nTRKSBk,Beautiful Girl,spotify:artist:3CJKkU0XuElRT1z8rEtIYg,Luciano,2022-04-28,https://i.scdn.co/image/ab67616d0000b2738d1b8ae3f4008106dee15046,1,1,179186,https://p.scdn.co/mp3-preview/d4ca564d4f01a8fb682290bf5c504c58592b28f5?cid=9950ac751e34487dbbe027c4fd7f8e99,False,63,DECE72201083,spotify:user:315vu5jn2omfqxo2frbi2xu7d6qm,2025-01-28 01:23:03+00:00
spotify:track:5sdQ7VUx6GOfsRoSxnK1YG,110,"spotify:artist:4WZGDpNwrC0vNQyl9QzF7d, spotify:artist:6h1s4i4XKIYv4ErDelLDN0, spotify:artist:5Yo5iU2nf4H41waPl4ZnS1","Capital Bra, Samra, LEA",spotify:album:6DIKn3gZZms37nf3PvUegP,110,"spotify:artist:4WZGDpNwrC0vNQyl9QzF7d, spotify:artist:6h1s4i4XKIYv4ErDelLDN0, spotify:artist:5Yo5iU2nf4H41waPl4ZnS1","Capital Bra, Samra, LEA",2019-09-19,https://i.scdn.co/image/ab67616d0000b2734cf2923347370c8eddb3d62e,1,1,194534,https://p.scdn.co/mp3-preview/03961f905c0d800d5e9b0ced4ffffe61d62b891f?cid=9950ac751e34487dbbe027c4fd7f8e99,True,55,DECE71900628,spotify:user:315vu5jn2omfqxo2frbi2xu7d6qm,2025-01-28 01:23:03+00:00
spotify:track:1VgPQTiQKj9baILY8qm5Nv,On My Way,spotify:artist:3n8GvDXY1OgG57akv31SHK,Yatta Bandz,spotify:album:50pGwcHiol4K7dRGi5CecK,Perfect Storm,spotify:artist:3n8GvDXY1OgG57akv31SHK,Yatta Bandz,2022-05-06,https://i.scdn.co/image/ab67616d0000b2735062812c1763daec31482add,1,6,143505,https://p.scdn.co/mp3-preview/8d07b3103cc17d2d65df565660a3a99387de7145?cid=9950ac751e34487dbbe027c4fd7f8e99,True,45,USUYG1417561,spotify:user:315vu5jn2omfqxo2frbi2xu7d6qm,2025-01-28 01:23:03+00:00
spotify:track:5reUV4Jv5GBY1W15E4J9w9,Du Fehlst,spotify:artist:2Diqn1jFkehRd9MVDGKGdq,Eddin,spotify:album:64qMewtyTkU86GlyUdDrwF,Du Fehlst,spotify:artist:2Diqn1jFkehRd9MVDGKGdq,Eddin,2022-10-14,https://i.scdn.co/image/ab67616d0000b273174e6c58dc1bab7562d4c2d6,1,1,155597,https://p.scdn.co/mp3-preview/d5f6279b4a1fddd382c33c6b50d330b76f77029e?cid=9950ac751e34487dbbe027c4fd7f8e99,False,51,DEKF22200928,spotify:user:315vu5jn2omfqxo2frbi2xu7d6qm,2025-01-28 01:23:03+00:00
spotify:track:0pA0BVXTONNqSldC9FdiaU,allein allein,"spotify:artist:5pVRwX5ZQR7hfJ18w8ZYkl, spotify:artist:34LetYSjEuG2fBb4Z8PwPg","Ufo361, Pashanim",spotify:album:6iXjICPffE7hHceHshw4oc,allein allein,"spotify:artist:5pVRwX5ZQR7hfJ18w8ZYkl, spotify:artist:34LetYSjEuG2fBb4Z8PwPg","Ufo361, Pashanim",2021-12-23,https://i.scdn.co/image/ab67616d0000b273d492d6ee3390533d381ae553,1,1,154600,https://p.scdn.co/mp3-preview/b245118dff36ed32208ae20fd8d035579db62674?cid=9950ac751e34487dbbe027c4fd7f8e99,False,60,DECE72108194,spotify:user:315vu5jn2omfqxo2frbi2xu7d6qm,2025-01-28 01:23:03+00:00
spotify:track:4XrPJ8XNqj07GKvEUPNVe3,Narben (feat. vito),"spotify:artist:1SUu1Bi7ev9HbOzyVC77qD, spotify:artist:1G7TGDJ01So6i6XNirnVS7, spotify:artist:6ZhCnvNfvewkfx9ERyhelw","Kool Savas, Takt32, vito",spotify:album:5IzUntTV94QUwhMMw334P9,Narben (feat. vito),"spotify:artist:1SUu1Bi7ev9HbOzyVC77qD, spotify:artist:1G7TGDJ01So6i6XNirnVS7, spotify:artist:6ZhCnvNfvewkfx9ERyhelw","Kool Savas, Takt32, vito",2023-02-10,https://i.scdn.co/image/ab67616d0000b273233308e232bbb774e04f9467,1,1,161939,https://p.scdn.co/mp3-preview/ecf2d87107558a425baf4458ff3b0676e49eb1a0?cid=9950ac751e34487dbbe027c4fd7f8e99,True,37,DEBN22200005,spotify:user:315vu5jn2omfqxo2frbi2xu7d6qm,2025-01-28 01:23:03+00:00
spotify:track:3rhOl0uehKYWEsUFXMTFwE,No Chances - Remix,"spotify:artist:4jJXnnMCODl8ds7bgmHgUP, spotify:artist:3Fl1V19tmjt57oBdxXKAjJ","Baby Rich, Blueface",spotify:album:2CWZovv1AoTFqGEr26bv7n,No Chances (Remix),"spotify:artist:4jJXnnMCODl8ds7bgmHgUP, spotify:artist:3Fl1V19tmjt57oBdxXKAjJ","Baby Rich, Blueface",2022-09-23,https://i.scdn.co/image/ab67616d0000b273d3d1b1533214224399352aba,1,1,157437,https://p.scdn.co/mp3-preview/f2eaf230d3fc672447d111722da9d67e86438d19?cid=9950ac751e34487dbbe027c4fd7f8e99,True,49,CA5KR2294266,spotify:user:315vu5jn2omfqxo2frbi2xu7d6qm,2025-01-28 01:23:03+00:00
spotify:track:7y2CanQNBGTd7EVJy80hLC,Nur für Dich,spotify:artist:4lDiJcOJ2GLCK6p9q5BgfK,Kontra K,spotify:album:5925gOqT0wsG2ZQmdOJXZW,Für den Himmel durch die Hölle,spotify:artist:4lDiJcOJ2GLCK6p9q5BgfK,Kontra K,2022-08-25,https://i.scdn.co/image/ab67616d0000b27343861748c971c8ba98fb4727,1,10,192506,https://p.scdn.co/mp3-preview/8d03ec97f3ec25c4c1560ed38f087f28b99ed192?cid=9950ac751e34487dbbe027c4fd7f8e99,True,1,DE1D22200028,spotify:user:315vu5jn2omfqxo2frbi2xu7d6qm,2025-01-28 01:23:03+00:00
spotify:track:1jhdCONafFj1hzJsPvZx27,WHEN SPARKS FLY,spotify:artist:68kEuyFKyqrdQQLLsmiatm,Vince Staples,spotify:album:2G549zeda2XNICgLmU0pNW,RAMONA PARK BROKE MY HEART,spotify:artist:68kEuyFKyqrdQQLLsmiatm,Vince Staples,2022-04-08,https://i.scdn.co/image/ab67616d0000b2739fd6f55c35811d79d01f94ef,1,6,227873,https://p.scdn.co/mp3-preview/785f378407c9b178749b0774121bae5b60937b4a?cid=9950ac751e34487dbbe027c4fd7f8e99,True,60,USUM72202407,spotify:user:315vu5jn2omfqxo2frbi2xu7d6qm,2025-01-28 01:23:03+00:00
spotify:track:0GihNtHYSZwkqB48jbkyC7,A$AP & Rihanna,spotify:artist:5ZYOlPpI9FZu2uIPkTB0UA,CÉLINE,spotify:album:3o5lHTIpsmGE5GdRboWMRs,A$AP & Rihanna,spotify:artist:5ZYOlPpI9FZu2uIPkTB0UA,CÉLINE,2022-07-29,https://i.scdn.co/image/ab67616d0000b2732d70360a78b65af844c8572c,1,1,112212,https://p.scdn.co/mp3-preview/3a8681dce2e6d5078b34a660a042db32432b8575?cid=9950ac751e34487dbbe027c4fd7f8e99,False,52,DEQ022291113,spotify:user:315vu5jn2omfqxo2frbi2xu7d6qm,2025-01-28 01:23:03+00:00
spotify:track:4AdhQGPnOKrH0EJWXc2EEM,1995,spotify:artist:6h1s4i4XKIYv4ErDelLDN0,Samra,spotify:album:5BLwflc68gAR6cJG2tU6HK,1995,spotify:artist:6h1s4i4XKIYv4ErDelLDN0,Samra,2023-02-10,https://i.scdn.co/image/ab67616d0000b273a19f1e4b2651198a8bb660df,1,1,166748,https://p.scdn.co/mp3-preview/9fb671f83c28db121759590f9f37974520b10f3c?cid=9950ac751e34487dbbe027c4fd7f8e99,False,55,CH7812344608,spotify:user:315vu5jn2omfqxo2frbi2xu7d6qm,2025-01-28 01:23:03+00:00
spotify:track:1viUVY9PeeVu4kqwLjBOyB,Runnin,"spotify:artist:3mmI5HKArDwgggj4j0aJyC, spotify:artist:0jEyGu5QKLxQ2tIZVnRbfE, spotify:artist:0n1kV1G3NQrfuLGJosIGxb, spotify:artist:1OJvqVmekd5OPxlTeHmlBl, spotify:artist:1ZpLpz4tFdvUocboq1KX3M, spotify:artist:0vbfrsbTQsxmBTrvtZTFB4","BHZ, Monk, Longus Mongus, Ion Miles, Big Pat, Dead Dawg",spotify:album:2BQvv9Z7z5GeqZu07GM4G6,Runnin,spotify:artist:3mmI5HKArDwgggj4j0aJyC,BHZ,2022-08-11,https://i.scdn.co/image/ab67616d0000b2737aa8e79d9161b6065c340599,1,1,257759,https://p.scdn.co/mp3-preview/bf35f219ba261e0393c304c29f0b8afdfeaa2818?cid=9950ac751e34487dbbe027c4fd7f8e99,True,50,DEXK52200259,spotify:user:315vu5jn2omfqxo2frbi2xu7d6qm,2025-01-28 01:23:03+00:00
spotify:track:0PV1TFUMTBrDETzW6KQulB,93 'Til Infinity,spotify:artist:5Rzqmz1zAszembFHGZQuAt,Souls Of Mischief,spotify:album:7aSjaEi3OQ2aZemcJDhMb1,93 'til Infinity,spotify:artist:5Rzqmz1zAszembFHGZQuAt,Souls Of Mischief,1993-02-13,https://i.scdn.co/image/ab67616d0000b27343969ecfe687484121805478,1,8,286440,https://p.scdn.co/mp3-preview/0e6d57d27a5b2760037afb7c052ca57945933358?cid=9950ac751e34487dbbe027c4fd7f8e99,False,74,USJI10400408,spotify:user:315vu5jn2omfqxo2frbi2xu7d6qm,2025-01-28 01:23:03+00:00
spotify:track:3GKL13lkM5nRc4zC1lIOrR,Still Not a Player (feat. Joe) - Radio Version,"spotify:artist:2Xu7q46Hf02xOoEIm4E1Qs, spotify:artist:3zTOe1BtyTkwNvYZOxXktX","Big Pun, Joe",spotify:album:3IIHk2ZLXKWuVAjCbQ9g4Y,Capital Punishment,spotify:artist:2Xu7q46Hf02xOoEIm4E1Qs,Big Pun,1998-04-28,https://i.scdn.co/image/ab67616d0000b2738c7a8e68dc5c20bb72f713f2,1,5,236800,https://p.scdn.co/mp3-preview/330714e1c2ee9a0c62f3b5c6d5e4f8915fdbfde0?cid=9950ac751e34487dbbe027c4fd7f8e99,False,76,USLR59900109,spotify:user:315vu5jn2omfqxo2frbi2xu7d6qm,2025-01-28 01:23:03+00:00
spotify:track:5daPDkqS2ftQClyDn1pSk2,T-Pain Mashup (with Kurt Hugo Schneider),"spotify:artist:3aQeKQSyrW4qWr35idm0cy, spotify:artist:2BHswvFd8tMBizVWGcAMLm","T-Pain, Kurt Hugo Schneider",spotify:album:5i3oRZoPqH3GSpksjt8IWk,T-Pain Mashup (with Kurt Hugo Schneider),spotify:artist:3aQeKQSyrW4qWr35idm0cy,T-Pain,2017-10-27,https://i.scdn.co/image/ab67616d0000b2736b78463ef45625c9d40877e6,1,1,184527,https://p.scdn.co/mp3-preview/a72ce040427cabbedc0e6a9670417e04186de0a7?cid=9950ac751e34487dbbe027c4fd7f8e99,False,57,USRC11701956,spotify:user:315vu5jn2omfqxo2frbi2xu7d6qm,2025-01-28 01:23:03+00:00
spotify:track:1SRw5p2lVAi7RGlHEmZg66,Favorite Song,spotify:artist:6BH1xcDkwbbyrLMUKECsW1,Toosii,spotify:album:4XiUZULpVS6gTgKKU7KTX5,Favorite Song,spotify:artist:6BH1xcDkwbbyrLMUKECsW1,Toosii,2023-02-17,https://i.scdn.co/image/ab67616d0000b273083c41df2fbc4cf8c54c7858,1,1,208630,https://p.scdn.co/mp3-preview/e4174d46742321d52ec6b2906925d78d3fe11fc9?cid=9950ac751e34487dbbe027c4fd7f8e99,False,68,USUM72301797,spotify:user:315vu5jn2omfqxo2frbi2xu7d6qm,2025-01-28 01:23:03+00:00
spotify:track:0CYAqKC8CkyAu1bsXQ5lS4,Sweater Weather,spotify:artist:3bO19AOone0ubCsfDXDtYt,Myles Smith,spotify:album:0p9EbDmUVOaXwkzLyJEdsl,Sweater Weather,spotify:artist:3bO19AOone0ubCsfDXDtYt,Myles Smith,2023-02-10,https://i.scdn.co/image/ab67616d0000b27329b77821e10c62128e638a86,1,1,155905,https://p.scdn.co/mp3-preview/cb1555bb863e14b2bf422d54702bc5a3e10b3760?cid=9950ac751e34487dbbe027c4fd7f8e99,False,0,GX3Q92326641,spotify:user:315vu5jn2omfqxo2frbi2xu7d6qm,2025-01-28 01:23:03+00:00
spotify:track:0ll2GeFngxhKVgBQw0Gytr,Heart Broke,spotify:artist:6HgEIsWCHekTTfnbOGJa3g,Fresco Trey,spotify:album:7AEKECxwNDqpVetoVg60TB,Heartbreak Diaries 2,spotify:artist:6HgEIsWCHekTTfnbOGJa3g,Fresco Trey,2022-05-13,https://i.scdn.co/image/ab67616d0000b27343b172c977aa51674df0ad1d,1,6,104467,https://p.scdn.co/mp3-preview/6b10b6496c7754bb339800807f145a7fe7976640?cid=9950ac751e34487dbbe027c4fd7f8e99,True,24,USWB12201669,spotify:user:315vu5jn2omfqxo2frbi2xu7d6qm,2025-01-28 01:23:03+00:00
spotify:track:00jNPEEAjvGzvp1ok63dZ0,With You,spotify:artist:6AgTAQt8XS6jRWi4sX7w49,Polo G,spotify:album:2rLqUcipEjIKK9rma5OTN8,Hall of Fame 2.0,spotify:artist:6AgTAQt8XS6jRWi4sX7w49,Polo G,2021-12-03,https://i.scdn.co/image/ab67616d0000b2734f5212ccbffc94a609f0fb00,1,10,172307,https://p.scdn.co/mp3-preview/25951959b777090008caa1e02fce3d7974b04596?cid=9950ac751e34487dbbe027c4fd7f8e99,True,47,USSM12108935,spotify:user:315vu5jn2omfqxo2frbi2xu7d6qm,2025-01-28 01:23:03+00:00
spotify:track:3ZEno9fORwMA1HPecdLi0R,HAPPY,spotify:artist:6fOMl44jA4Sp5b9PpYCkzz,NF,spotify:album:6zaisPwfcIAfdUGPj3mmGY,HOPE,spotify:artist:6fOMl44jA4Sp5b9PpYCkzz,NF,2023-04-07,https://i.scdn.co/image/ab67616d0000b273ff8a4276b3be31c839557439,1,5,242691,https://p.scdn.co/mp3-preview/fc851046b4138b8f5b1c1a5d20c87bcfb9133602?cid=9950ac751e34487dbbe027c4fd7f8e99,False,75,USUM72300449,spotify:user:315vu5jn2omfqxo2frbi2xu7d6qm,2025-01-28 01:23:03+00:00
spotify:track:5FkBoG7xkb0pPkaO8rS5td,Need You,spotify:artist:6HgEIsWCHekTTfnbOGJa3g,Fresco Trey,spotify:album:7GDatS6iAApwmxAvLMEG1c,Need You,spotify:artist:6HgEIsWCHekTTfnbOGJa3g,Fresco Trey,2022-02-04,https://i.scdn.co/image/ab67616d0000b27328e35b83d313d4d64cee116d,1,1,173065,https://p.scdn.co/mp3-preview/d20ff7d028dd9f92e3a6ea96fb50ef9ebc30a73d?cid=9950ac751e34487dbbe027c4fd7f8e99,True,58,USWB12200440,spotify:user:315vu5jn2omfqxo2frbi2xu7d6qm,2025-01-28 01:23:03+00:00
spotify:track:3safBWMqYnBJtNA2428Hmz,Key to My Heart,spotify:artist:6HgEIsWCHekTTfnbOGJa3g,Fresco Trey,spotify:album:5MlRgizbT5l0vMtzSlBIvl,Key To My Heart,spotify:artist:6HgEIsWCHekTTfnbOGJa3g,Fresco Trey,2022-08-26,https://i.scdn.co/image/ab67616d0000b273b64ab2d366a184b4396e75e0,1,1,154482,https://p.scdn.co/mp3-preview/76a9f541a6eb9399f3b32ab9d473cfcf3aea235a?cid=9950ac751e34487dbbe027c4fd7f8e99,True,42,USWB12202505,spotify:user:315vu5jn2omfqxo2frbi2xu7d6qm,2025-01-28 01:23:03+00:00
spotify:track:6NyGItE4STE5BTvPqkqs7Z,Rebel,spotify:artist:7EmIUQO16ShAglPTjy1vWT,DREJ,spotify:album:4DhP7VD1K82VYC2iI9SpoN,Rebel,spotify:artist:7EmIUQO16ShAglPTjy1vWT,DREJ,2023-01-27,https://i.scdn.co/image/ab67616d0000b27386e9f462d400f3b05e8caa3d,1,1,189631,https://p.scdn.co/mp3-preview/3341905af890186be5287d050d3d5fed32a3e059?cid=9950ac751e34487dbbe027c4fd7f8e99,True,0,QZFYY2374406,spotify:user:315vu5jn2omfqxo2frbi2xu7d6qm,2025-01-28 01:23:03+00:00
spotify:track:5Th2Rs48Gz3iqfcGMXG5PC,Kopf aus,spotify:artist:21H6paZGGR6dQpVmAqbdzV,1986zig,spotify:album:12K0tzbbpEgWtjmzN31nop,Kopf aus,spotify:artist:21H6paZGGR6dQpVmAqbdzV,1986zig,2022-01-28,https://i.scdn.co/image/ab67616d0000b2735da4492a7e1f7659b953d177,1,1,136120,https://p.scdn.co/mp3-preview/3f9b0561fe22cf604c795b4f8b419182b7c4456a?cid=9950ac751e34487dbbe027c4fd7f8e99,True,53,DEUM72200432,spotify:user:315vu5jn2omfqxo2frbi2xu7d6qm,2025-01-28 01:23:03+00:00
spotify:track:2GTMcVdmGBsIzP7E2kvnCF,Die Young,spotify:artist:6HgEIsWCHekTTfnbOGJa3g,Fresco Trey,spotify:album:6lwjBRt4oqoqbCAmSPephG,Die Young,spotify:artist:6HgEIsWCHekTTfnbOGJa3g,Fresco Trey,2020-06-20,https://i.scdn.co/image/ab67616d0000b273e3c54b0b01f7443987d8f9ff,1,1,206000,https://p.scdn.co/mp3-preview/a60342518a119a7e05d2dc76776f53fe4bc467be?cid=9950ac751e34487dbbe027c4fd7f8e99,True,39,TCAEY2054846,spotify:user:315vu5jn2omfqxo2frbi2xu7d6qm,2025-01-28 01:23:03+00:00
spotify:track:5B52DvmVPg2lOjqXtvNe8m,Feel Good,spotify:artist:6HgEIsWCHekTTfnbOGJa3g,Fresco Trey,spotify:album:7hARCDvRA91kDfW499Jh1p,Feel Good,spotify:artist:6HgEIsWCHekTTfnbOGJa3g,Fresco Trey,2020-11-16,https://i.scdn.co/image/ab67616d0000b273e6c2b78fe5e560302d1f18e6,1,1,163735,https://p.scdn.co/mp3-preview/dfd51b9762e9daee11b7e54ba933cc56619059c4?cid=9950ac751e34487dbbe027c4fd7f8e99,True,37,QZNMU2073102,spotify:user:315vu5jn2omfqxo2frbi2xu7d6qm,2025-01-28 01:23:03+00:00
spotify:track:0sOXdSMVTChVebRc3A4Ksq,Keine Antwort,spotify:artist:5ZY4M2aGiTaZQEP6HfqeJc,Montez,spotify:album:1VB0XYXN3nSPsHxFcEYeeg,Keine Antwort,spotify:artist:5ZY4M2aGiTaZQEP6HfqeJc,Montez,2022-08-11,https://i.scdn.co/image/ab67616d0000b2734ae8d87c6ecf2677e7021910,1,1,140338,https://p.scdn.co/mp3-preview/953b5d6420e7678f537a84696290bf42e9883152?cid=9950ac751e34487dbbe027c4fd7f8e99,False,0,DEUM72205055,spotify:user:315vu5jn2omfqxo2frbi2xu7d6qm,2025-01-28 01:23:03+00:00
spotify:track:70soCiX9l5qVoDTtFpWigk,24 Hours,spotify:artist:6HgEIsWCHekTTfnbOGJa3g,Fresco Trey,spotify:album:7AEKECxwNDqpVetoVg60TB,Heartbreak Diaries 2,spotify:artist:6HgEIsWCHekTTfnbOGJa3g,Fresco Trey,2022-05-13,https://i.scdn.co/image/ab67616d0000b27343b172c977aa51674df0ad1d,1,1,151950,https://p.scdn.co/mp3-preview/cc8000303d5e658ef7cbe034c69eb8214e47bfa6?cid=9950ac751e34487dbbe027c4fd7f8e99,True,19,USWB12201046,spotify:user:315vu5jn2omfqxo2frbi2xu7d6qm,2025-01-28 01:23:03+00:00
spotify:track:00ZQQArUJReFfsMnl8dIgd,Our 25th Birthday,"spotify:artist:6Ip8FS7vWT1uKkJSweANQK, spotify:artist:5H4yInM5zmHqpKIoMNAx4r","Dave, Central Cee",spotify:album:0On7uutIu9rZRvP9aJbMog,Split Decision,"spotify:artist:6Ip8FS7vWT1uKkJSweANQK, spotify:artist:5H4yInM5zmHqpKIoMNAx4r","Dave, Central Cee",2023-06-04,https://i.scdn.co/image/ab67616d0000b27326847a635b96c96fee81d838,1,3,307973,https://p.scdn.co/mp3-preview/04c9e32af70e568a6e1791da494a549e40711af4?cid=9950ac751e34487dbbe027c4fd7f8e99,True,65,GBUM72305708,spotify:user:315vu5jn2omfqxo2frbi2xu7d6qm,2025-01-28 01:23:03+00:00
spotify:track:2yCA2pTaO6RaU8r9o8CpnI,6 Minuten,"spotify:artist:6h1s4i4XKIYv4ErDelLDN0, spotify:artist:6012kczHExxqLw3N9xnEZ4","Samra, Alies",spotify:album:28KN9ZvJ3YMKhMKqht0wZ0,6 Minuten,"spotify:artist:6h1s4i4XKIYv4ErDelLDN0, spotify:artist:6012kczHExxqLw3N9xnEZ4","Samra, Alies",2022-11-11,https://i.scdn.co/image/ab67616d0000b273e9d61b03630115779a6c3c09,1,1,174673,https://p.scdn.co/mp3-preview/5487ff29e4de90c9537d787c68d2aca39ab7ebee?cid=9950ac751e34487dbbe027c4fd7f8e99,False,52,CH7812235429,spotify:user:315vu5jn2omfqxo2frbi2xu7d6qm,2025-01-28 01:23:03+00:00
spotify:track:47ecV5OlZnCv26WtKmuteb,Broken Guitars (with Scorey),"spotify:artist:6AgTAQt8XS6jRWi4sX7w49, spotify:artist:0X3nsc84A9qlFilmlWNwQb","Polo G, Scorey",spotify:album:2rLqUcipEjIKK9rma5OTN8,Hall of Fame 2.0,spotify:artist:6AgTAQt8XS6jRWi4sX7w49,Polo G,2021-12-03,https://i.scdn.co/image/ab67616d0000b2734f5212ccbffc94a609f0fb00,2,9,128649,https://p.scdn.co/mp3-preview/969f4e492ff4bbbc25889cb49c27c453c078367c?cid=9950ac751e34487dbbe027c4fd7f8e99,True,37,USSM12103062,spotify:user:315vu5jn2omfqxo2frbi2xu7d6qm,2025-01-28 01:23:03+00:00
spotify:track:3enfCF7gGvPGNF3g1fHoiF,Fresh Off A Heartbreak,spotify:artist:6HgEIsWCHekTTfnbOGJa3g,Fresco Trey,spotify:album:3SSzZPosmGH9aA7H4y1KBv,Fresh Off A Heartbreak,spotify:artist:6HgEIsWCHekTTfnbOGJa3g,Fresco Trey,2021-08-27,https://i.scdn.co/image/ab67616d0000b273d8cd3e07597b70d52c8e5b4e,1,1,197142,https://p.scdn.co/mp3-preview/da7c27fe9fe79b7f8dde1d7cbf30d2196f7d6768?cid=9950ac751e34487dbbe027c4fd7f8e99,True,48,USWB12102601,spotify:user:315vu5jn2omfqxo2frbi2xu7d6qm,2025-01-28 01:23:03+00:00
spotify:track:6jakv1SAo2E71bXhOTnUst,Back in My Shell,spotify:artist:6HgEIsWCHekTTfnbOGJa3g,Fresco Trey,spotify:album:4cnW6KJOscckJEzQQAxz20,Back In My Shell,spotify:artist:6HgEIsWCHekTTfnbOGJa3g,Fresco Trey,2023-06-16,https://i.scdn.co/image/ab67616d0000b2739aa32a1cca50f310a8ff1e40,1,1,143232,https://p.scdn.co/mp3-preview/059deb5e3d150ffead3de6be4539424e8a61257f?cid=9950ac751e34487dbbe027c4fd7f8e99,True,31,USWB12302697,spotify:user:315vu5jn2omfqxo2frbi2xu7d6qm,2025-01-28 01:23:03+00:00
spotify:track:2kJvNWffCfH5zqks2B6okr,Spare Me the Pain,spotify:artist:6HgEIsWCHekTTfnbOGJa3g,Fresco Trey,spotify:album:3XKwuoQ1leWYvark5OI9lN,Spare Me the Pain,spotify:artist:6HgEIsWCHekTTfnbOGJa3g,Fresco Trey,2019-12-09,https://i.scdn.co/image/ab67616d0000b27373c0344660fc1c1dba771715,1,1,188421,https://p.scdn.co/mp3-preview/08944207b334984963d57d72ba21cf12cf1567ca?cid=9950ac751e34487dbbe027c4fd7f8e99,True,32,TCAEO1939902,spotify:user:315vu5jn2omfqxo2frbi2xu7d6qm,2025-01-28 01:23:03+00:00
spotify:track:7vN97Gtth6RsY6QgDyYr5a,Alright,spotify:artist:6AgTAQt8XS6jRWi4sX7w49,Polo G,spotify:album:2rLqUcipEjIKK9rma5OTN8,Hall of Fame 2.0,spotify:artist:6AgTAQt8XS6jRWi4sX7w49,Polo G,2021-12-03,https://i.scdn.co/image/ab67616d0000b2734f5212ccbffc94a609f0fb00,1,14,149416,https://p.scdn.co/mp3-preview/1c41a59f822456c2a3aa463ba248b3c89c54b524?cid=9950ac751e34487dbbe027c4fd7f8e99,True,49,USSM12108939,spotify:user:315vu5jn2omfqxo2frbi2xu7d6qm,2025-01-28 01:23:03+00:00
spotify:track:6wlIZYQe2wKJSCSqMks1Vk,Got You (feat. charlieonnafriday),"spotify:artist:6HgEIsWCHekTTfnbOGJa3g, spotify:artist:5okEmP9iOvZT9UdlODLiaR, spotify:artist:1hmTCch4tWOJmdqkf8nSRA","Fresco Trey, Einer Bankz, charlieonnafriday",spotify:album:0gGqwvNQlBI8ItA48tumuS,Got You (feat. charlieonnafriday),"spotify:artist:6HgEIsWCHekTTfnbOGJa3g, spotify:artist:5okEmP9iOvZT9UdlODLiaR","Fresco Trey, Einer Bankz",2023-08-04,https://i.scdn.co/image/ab67616d0000b2736ed8c7c4eb5fe3631d456d32,1,1,166956,https://p.scdn.co/mp3-preview/0a96d415cc2b26d9b4970bc8ca80f15999227e4e?cid=9950ac751e34487dbbe027c4fd7f8e99,False,40,USWB12303105,spotify:user:315vu5jn2omfqxo2frbi2xu7d6qm,2025-01-28 01:23:03+00:00
spotify:track:3fO79znP8PGK3E9lxv2rlo,Same Friends (with Lil Tjay),"spotify:artist:1hmTCch4tWOJmdqkf8nSRA, spotify:artist:6jGMq4yGs7aQzuGsMgVgZR","charlieonnafriday, Lil Tjay",spotify:album:1NEFmcySKqVun0sMj1EOZg,Same Friends (with Lil Tjay),"spotify:artist:1hmTCch4tWOJmdqkf8nSRA, spotify:artist:6jGMq4yGs7aQzuGsMgVgZR","charlieonnafriday, Lil Tjay",2023-03-31,https://i.scdn.co/image/ab67616d0000b273bd7c34108dc029b23058fb77,1,1,164678,https://p.scdn.co/mp3-preview/dbccae0c730483d45c08f3b908f07a7237684d46?cid=9950ac751e34487dbbe027c4fd7f8e99,True,49,USUG12301712,spotify:user:315vu5jn2omfqxo2frbi2xu7d6qm,2025-01-28 01:23:03+00:00
spotify:track:6NdnvPwQvZb147DVa4x14h,Heartbroken (feat. Jessie Murph & Polo G),"spotify:artist:5fMUXHkw8R8eOP2RNVYEZX, spotify:artist:2yLzlEFtIS0Q9UkyBZdQA7, spotify:artist:6AgTAQt8XS6jRWi4sX7w49","Diplo, Jessie Murph, Polo G",spotify:album:4cfA6cGpQSXr8jMMxfnNaS,Heartbroken (feat. Jessie Murph & Polo G),"spotify:artist:5fMUXHkw8R8eOP2RNVYEZX, spotify:artist:2yLzlEFtIS0Q9UkyBZdQA7, spotify:artist:6AgTAQt8XS6jRWi4sX7w49","Diplo, Jessie Murph, Polo G",2023-07-21,https://i.scdn.co/image/ab67616d0000b2736f5e1588afb23d4150cedf15,1,1,204325,https://p.scdn.co/mp3-preview/bb14ff8cf9d6b5054e9c57bc297058e34c3501e6?cid=9950ac751e34487dbbe027c4fd7f8e99,False,67,USSM12305095,spotify:user:315vu5jn2omfqxo2frbi2xu7d6qm,2025-01-28 01:23:03+00:00
spotify:track:7kSBvPr9it26XjylB5LJkx,Barely Holdin' On,spotify:artist:6AgTAQt8XS6jRWi4sX7w49,Polo G,spotify:album:7A9wYUkASCE7q4z0kGPGEA,Barely Holdin' On,spotify:artist:6AgTAQt8XS6jRWi4sX7w49,Polo G,2023-08-18,https://i.scdn.co/image/ab67616d0000b2738ac197a5f701a254c9c71dde,1,1,173871,https://p.scdn.co/mp3-preview/d1a052dc4df46dceaa11f71874fefb07c2bab487?cid=9950ac751e34487dbbe027c4fd7f8e99,True,61,USSM12305651,spotify:user:315vu5jn2omfqxo2frbi2xu7d6qm,2025-01-28 01:23:03+00:00
spotify:track:0LeAeGDrF4nuPTscn9FBQl,156 Hudson,spotify:artist:0X3nsc84A9qlFilmlWNwQb,Scorey,spotify:album:7JNS0SjmLodxUxHJ1SJvhn,Help Is On The Way,spotify:artist:0X3nsc84A9qlFilmlWNwQb,Scorey,2022-12-09,https://i.scdn.co/image/ab67616d0000b273a125d0969ecfa92a9d08809a,1,8,147692,https://p.scdn.co/mp3-preview/d6d8c886d58e863049cfcf5733defa93621e6f81?cid=9950ac751e34487dbbe027c4fd7f8e99,True,41,USSM12210886,spotify:user:315vu5jn2omfqxo2frbi2xu7d6qm,2025-01-28 01:23:03+00:00
spotify:track:0po3nemRAoCgcnxYMjFIIw,Little Do You Know Beat Cry - Slowed Version,spotify:artist:1oPw456ljh3ZMotvBDOOrY,Yagih Mael,spotify:album:0KPxuzDgqSO4XATTb4Nbt9,Little Do You Know Beat Cry (Slowed Version),spotify:artist:1oPw456ljh3ZMotvBDOOrY,Yagih Mael,2022-12-10,https://i.scdn.co/image/ab67616d0000b2732f6defec9a6cca7d98802d95,1,1,205055,https://p.scdn.co/mp3-preview/01cff19200153b01c8dc158a0deaf307552a4b51?cid=9950ac751e34487dbbe027c4fd7f8e99,False,38,USJ3V2179795,spotify:user:315vu5jn2omfqxo2frbi2xu7d6qm,2025-01-28 01:23:03+00:00
spotify:track:285pBltuF7vW8TeWk8hdRR,Lucid Dreams,spotify:artist:4MCBfE4596Uoi2O4DtmEMz,Juice WRLD,spotify:album:6tkjU4Umpo79wwkgPMV3nZ,Goodbye & Good Riddance,spotify:artist:4MCBfE4596Uoi2O4DtmEMz,Juice WRLD,2018-12-10,https://i.scdn.co/image/ab67616d0000b273f7db43292a6a99b21b51d5b4,1,3,239835,https://p.scdn.co/mp3-preview/85ba40ef782e993bac9ee1c945f90c123b11ffec?cid=9950ac751e34487dbbe027c4fd7f8e99,True,86,USUG11800685,spotify:user:315vu5jn2omfqxo2frbi2xu7d6qm,2025-01-28 01:23:03+00:00
spotify:track:7DF8lvLdV3htIbuTWpc7lR,Girl Of My Dreams (with SUGA of BTS),"spotify:artist:4MCBfE4596Uoi2O4DtmEMz, spotify:artist:0ebNdVaOfp6N0oZ1guIxM8, spotify:artist:3Nrfpe0tUJi4K4DXYWgMUX","Juice WRLD, SUGA, BTS",spotify:album:07tZDCAqxSIVEZywk0KDfT,Fighting Demons,spotify:artist:4MCBfE4596Uoi2O4DtmEMz,Juice WRLD,2021-12-10,https://i.scdn.co/image/ab67616d0000b273c820e86be3bcbc65e5b88ef0,1,16,226149,https://p.scdn.co/mp3-preview/4f9e75031d77e3140c997b384309254cddd39369?cid=9950ac751e34487dbbe027c4fd7f8e99,True,0,USUG12105745,spotify:user:315vu5jn2omfqxo2frbi2xu7d6qm,2025-01-28 01:23:03+00:00
spotify:track:6rz0dTA0PdhXImFV5EjM0w,Hide (feat. Seezyn),"spotify:artist:4MCBfE4596Uoi2O4DtmEMz, spotify:artist:1jIVEaq8GmqMYb8nFNAZgb","Juice WRLD, Seezyn",spotify:album:35s58BRTGAEWztPo9WqCIs,Spider-Man: Into the Spider-Verse (Soundtrack From & Inspired by the Motion Picture),spotify:artist:0LyfQWJT6nXafLPZqxe9Of,Various Artists,2018-12-14,https://i.scdn.co/image/ab67616d0000b273e2e352d89826aef6dbd5ff8f,1,7,205800,https://p.scdn.co/mp3-preview/0ff1d2328aa76200360ed4d183bdc43a157d0bd0?cid=9950ac751e34487dbbe027c4fd7f8e99,False,76,USUG11802778,spotify:user:315vu5jn2omfqxo2frbi2xu7d6qm,2025-01-28 01:23:03+00:00
spotify:track:21CkzgKCBCq5V4XKjiGSIj,Stay High,spotify:artist:4MCBfE4596Uoi2O4DtmEMz,Juice WRLD,spotify:album:6n9DKpOxwifT5hOXtgLZSL,Legends Never Die,spotify:artist:4MCBfE4596Uoi2O4DtmEMz,Juice WRLD,2020-07-10,https://i.scdn.co/image/ab67616d0000b2733e0698e4ae5ffb82a005aeeb,1,19,168684,https://p.scdn.co/mp3-preview/451c915e30d353e31e13a993fabe2e2fa88eb8ca?cid=9950ac751e34487dbbe027c4fd7f8e99,True,75,USUG12002590,spotify:user:315vu5jn2omfqxo2frbi2xu7d6qm,2025-01-28 01:23:03+00:00
spotify:track:7GX5flRQZVHRAGd6B4TmDO,XO Tour Llif3,spotify:artist:4O15NlyKLIASxsJ0PrXPfz,Lil Uzi Vert,spotify:album:733e1ZfktLSwj96X5rsMeE,Luv Is Rage 2,spotify:artist:4O15NlyKLIASxsJ0PrXPfz,Lil Uzi Vert,2017-08-25,https://i.scdn.co/image/ab67616d0000b273f23aee9d3be9fcbca1bc6352,1,16,182706,https://p.scdn.co/mp3-preview/115d957b81400862451425d9591dfa938da476da?cid=9950ac751e34487dbbe027c4fd7f8e99,True,83,USAT21703440,spotify:user:315vu5jn2omfqxo2frbi2xu7d6qm,2025-01-28 01:23:03+00:00
spotify:track:1pnwc4c5qjgxr2tVdSU4C5,Marie,spotify:artist:6EPlBSH2RSiettczlz7ihV,Sleepy Hallow,spotify:album:08Yk45EknvoQPDm5CKihVA,Marie,spotify:artist:6EPlBSH2RSiettczlz7ihV,Sleepy Hallow,2022-11-02,https://i.scdn.co/image/ab67616d0000b2738a933398bd864dc2198685d9,1,1,182506,https://p.scdn.co/mp3-preview/6cb58ec16141523c8b722f89666298aef4a7a3d3?cid=9950ac751e34487dbbe027c4fd7f8e99,True,62,USRC12203940,spotify:user:315vu5jn2omfqxo2frbi2xu7d6qm,2025-01-28 01:23:03+00:00
spotify:track:2BJWxD8xKrDv8vneTvTIm9,Beat the Odds,spotify:artist:6jGMq4yGs7aQzuGsMgVgZR,Lil Tjay,spotify:album:5jopeyeE3iVZ5zlEMadVcv,Beat the Odds,spotify:artist:6jGMq4yGs7aQzuGsMgVgZR,Lil Tjay,2022-08-26,https://i.scdn.co/image/ab67616d0000b2732ac708dff220b6644e9c67e5,1,1,150000,https://p.scdn.co/mp3-preview/6301355e7d52b767259498395452bb33f17168c7?cid=9950ac751e34487dbbe027c4fd7f8e99,True,65,USSM12207337,spotify:user:315vu5jn2omfqxo2frbi2xu7d6qm,2025-01-28 01:23:03+00:00
spotify:track:55ZNNY6D8FkNFAlVceAwIZ,Not Enough,spotify:artist:4MCBfE4596Uoi2O4DtmEMz,Juice WRLD,spotify:album:1typPCwqyXMfFpvDZAyKew,Fighting Demons (Deluxe),spotify:artist:4MCBfE4596Uoi2O4DtmEMz,Juice WRLD,2022-03-18,https://i.scdn.co/image/ab67616d0000b2737459992b444de38842b9bee7,1,12,171829,https://p.scdn.co/mp3-preview/65984b7097daa815b337e3b5f4a1b899a0905264?cid=9950ac751e34487dbbe027c4fd7f8e99,True,65,USUG12102474,spotify:user:315vu5jn2omfqxo2frbi2xu7d6qm,2025-01-28 01:23:03+00:00
spotify:track:40QrLHWdsxyXLAdjJG4Rxs,Chosen 1,spotify:artist:6AgTAQt8XS6jRWi4sX7w49,Polo G,spotify:album:26ztFK3E69j5THJQdyxC5w,Die A Legend,spotify:artist:6AgTAQt8XS6jRWi4sX7w49,Polo G,2019-06-07,https://i.scdn.co/image/ab67616d0000b273ae8b07ecdcf7aadefe00264f,1,10,127200,https://p.scdn.co/mp3-preview/1e5d5d694a3bcb7831d4c2de2700eea1fa44db4f?cid=9950ac751e34487dbbe027c4fd7f8e99,True,70,USQX91901174,spotify:user:315vu5jn2omfqxo2frbi2xu7d6qm,2025-01-28 01:23:03+00:00
spotify:track:3NqCEpT8xsHdzpiRlM1kpS,Through Da Storm,spotify:artist:6AgTAQt8XS6jRWi4sX7w49,Polo G,spotify:album:26ztFK3E69j5THJQdyxC5w,Die A Legend,spotify:artist:6AgTAQt8XS6jRWi4sX7w49,Polo G,2019-06-07,https://i.scdn.co/image/ab67616d0000b273ae8b07ecdcf7aadefe00264f,1,3,195586,https://p.scdn.co/mp3-preview/ff7098037a031384dd6e184b7b7e22492dced1cc?cid=9950ac751e34487dbbe027c4fd7f8e99,True,72,USQX91901170,spotify:user:315vu5jn2omfqxo2frbi2xu7d6qm,2025-01-28 01:23:03+00:00
spotify:track:3TDWIXarI4pfCrjXKr7RtQ,Suicide (with Lil Tjay),"spotify:artist:6AgTAQt8XS6jRWi4sX7w49, spotify:artist:6jGMq4yGs7aQzuGsMgVgZR","Polo G, Lil Tjay",spotify:album:2rLqUcipEjIKK9rma5OTN8,Hall of Fame 2.0,spotify:artist:6AgTAQt8XS6jRWi4sX7w49,Polo G,2021-12-03,https://i.scdn.co/image/ab67616d0000b2734f5212ccbffc94a609f0fb00,1,12,170925,https://p.scdn.co/mp3-preview/593ce0570abf043cb29b1c53598f3f30cfe350c2?cid=9950ac751e34487dbbe027c4fd7f8e99,True,56,USSM12108937,spotify:user:315vu5jn2omfqxo2frbi2xu7d6qm,2025-01-28 01:23:03+00:00
spotify:track:2CWRrIHOo0ld05sCN0AZ4E,Dangerous,spotify:artist:5pZfgoEH06FQtcGpiTWMq9,Rapta,spotify:album:63d9xMMLVN33lEBUnzBxap,Dangerous,spotify:artist:5pZfgoEH06FQtcGpiTWMq9,Rapta,2021-08-26,https://i.scdn.co/image/ab67616d0000b273b72043badea960439ae4ae5c,1,1,144000,https://p.scdn.co/mp3-preview/b9fd7daf8b1b599aeb9f18d061ab6296ec574d4d?cid=9950ac751e34487dbbe027c4fd7f8e99,False,0,FRX282190845,spotify:user:315vu5jn2omfqxo2frbi2xu7d6qm,2025-01-28 01:23:03+00:00
spotify:track:1j3lHFftKJDNk5j6dUwk3c,Take It Back,spotify:artist:5j4yh8KxZ3yfg1cHsD24qD,Tundra Beats,spotify:album:7EbkPNhUGyNCjsxsqEdFVD,Voices.,spotify:artist:5j4yh8KxZ3yfg1cHsD24qD,Tundra Beats,2020-06-10,https://i.scdn.co/image/ab67616d0000b2735cb38a91e6e7d161bc16c26f,1,6,151327,https://p.scdn.co/mp3-preview/0bac64f1c9622310417b586141f172c36ffb253d?cid=9950ac751e34487dbbe027c4fd7f8e99,False,30,QZES91988847,spotify:user:315vu5jn2omfqxo2frbi2xu7d6qm,2025-01-28 01:23:03+00:00
spotify:track:6CwP9PyItNK7Ey1gGBegXW,Another Night,spotify:artist:4LLpKhyESsyAXpc4laK94U,Mac Miller,spotify:album:7txNeD0Uu71EqWwYMKKo5r,On And On And Beyond,spotify:artist:4LLpKhyESsyAXpc4laK94U,Mac Miller,2011-03-29,https://i.scdn.co/image/ab67616d0000b273e65676d507120b363bdd22a8,1,6,176043,https://p.scdn.co/mp3-preview/e666126d1728bb49fd15a62d459294f705fc8474?cid=9950ac751e34487dbbe027c4fd7f8e99,True,55,USA2P1134285,spotify:user:315vu5jn2omfqxo2frbi2xu7d6qm,2025-01-28 01:23:03+00:00
spotify:track:4CXSzoyTD2MmedFArsSIUp,DTB 4 Life,spotify:artist:31W5EY0aAly4Qieq6OFu6I,A Boogie Wit da Hoodie,spotify:album:0cZAE6guibfcYmTZD7hiae,Artist 2.0,spotify:artist:31W5EY0aAly4Qieq6OFu6I,A Boogie Wit da Hoodie,2020-02-14,https://i.scdn.co/image/ab67616d0000b2731072a34d8c8d75e9b2545d8a,1,8,175106,https://p.scdn.co/mp3-preview/dcafbf55210daca9d6ed213e062488d1e88634e4?cid=9950ac751e34487dbbe027c4fd7f8e99,True,53,USAT22000606,spotify:user:315vu5jn2omfqxo2frbi2xu7d6qm,2025-01-28 01:23:03+00:00
spotify:track:45bE4HXI0AwGZXfZtMp8JR,you broke me first,spotify:artist:45dkTj5sMRSjrmBSBeiHym,Tate McRae,spotify:album:1RWiRfdNZKDe8VXzzf2VEc,you broke me first,spotify:artist:45dkTj5sMRSjrmBSBeiHym,Tate McRae,2020-04-17,https://i.scdn.co/image/ab67616d0000b2730c2c97099fd6a637ed0aa4a4,1,1,169265,https://p.scdn.co/mp3-preview/58f29d1e29100ef77247a4bf0fa22b2cc3528c3f?cid=9950ac751e34487dbbe027c4fd7f8e99,True,9,USRC12000832,spotify:user:315vu5jn2omfqxo2frbi2xu7d6qm,2025-01-28 01:23:03+00:00
spotify:track:0e8nrvls4Qqv5Rfa2UhqmO,THATS WHAT I WANT,spotify:artist:7jVv8c5Fj3E9VhNjxT4snq,Lil Nas X,spotify:album:6pOiDiuDQqrmo5DbG0ZubR,MONTERO,spotify:artist:7jVv8c5Fj3E9VhNjxT4snq,Lil Nas X,2021-09-17,https://i.scdn.co/image/ab67616d0000b273be82673b5f79d9658ec0a9fd,1,4,143901,https://p.scdn.co/mp3-preview/f6958f897e3817fcbb6647d62f66c71ee96d1981?cid=9950ac751e34487dbbe027c4fd7f8e99,True,78,USSM12105732,spotify:user:315vu5jn2omfqxo2frbi2xu7d6qm,2025-01-28 01:23:03+00:00
spotify:track:4Ta3PhWmY50ZLU1uhKFKPE,Outnumbered,spotify:artist:5KNNVgR6LBIABRIomyCwKJ,Dermot Kennedy,spotify:album:7jGNAMzrW5HMXdxl9XyBMG,Without Fear,spotify:artist:5KNNVgR6LBIABRIomyCwKJ,Dermot Kennedy,2019-10-04,https://i.scdn.co/image/ab67616d0000b273c9fec49c8930fb10e4756dfe,1,9,245699,https://p.scdn.co/mp3-preview/2598193111119cdd9f6be19569c6a6c410dfa895?cid=9950ac751e34487dbbe027c4fd7f8e99,False,68,USUG11901618,spotify:user:315vu5jn2omfqxo2frbi2xu7d6qm,2025-01-28 01:23:03+00:00
spotify:track:0GA850AWIBdMW3Cfd4ptds,Reflex,spotify:artist:0H39MdGGX6dbnnQPt6NQkZ,SAINt JHN,spotify:album:1VYRUsEjoHAnE1NNa0Tj3z,Collection One,spotify:artist:0H39MdGGX6dbnnQPt6NQkZ,SAINt JHN,2018-03-30,https://i.scdn.co/image/ab67616d0000b2732d71f631f901f9324541ae86,1,5,241841,https://p.scdn.co/mp3-preview/3cf90b42ff3cc42879edfa97c926d9555c029ecb?cid=9950ac751e34487dbbe027c4fd7f8e99,True,64,TCACR1690413,spotify:user:315vu5jn2omfqxo2frbi2xu7d6qm,2025-01-28 01:23:03+00:00
spotify:track:3KdSCWeLG7wZcOL9vYQDuz,Infinite,spotify:artist:7dGJo4pcD2V6oG8kP0tJRR,Eminem,spotify:album:14JahnBKUL2ou13zH2OOQP,Infinite,spotify:artist:7dGJo4pcD2V6oG8kP0tJRR,Eminem,1996-11-12,https://i.scdn.co/image/ab67616d0000b273f598f32df9d06fd5e1ff9568,1,1,251707,https://p.scdn.co/mp3-preview/8d38cb0ca74d3fd2f4c38f188990eff5dbb17ede?cid=9950ac751e34487dbbe027c4fd7f8e99,True,57,GBKPL1674307,spotify:user:315vu5jn2omfqxo2frbi2xu7d6qm,2025-01-28 01:23:03+00:00
spotify:track:5yuShbu70mtHXY0yLzCQLQ,Go Flex,spotify:artist:246dkjvS1zLTtiykXe5h60,Post Malone,spotify:album:5s0rmjP8XOPhP6HhqOhuyC,Stoney (Deluxe),spotify:artist:246dkjvS1zLTtiykXe5h60,Post Malone,2016-12-09,https://i.scdn.co/image/ab67616d0000b27355404f712deb84d0650a4b41,1,9,179613,https://p.scdn.co/mp3-preview/2242cc1dd61306b72850f2e8ef16d89018cf9ee2?cid=9950ac751e34487dbbe027c4fd7f8e99,True,76,USUM71603455,spotify:user:315vu5jn2omfqxo2frbi2xu7d6qm,2025-01-28 01:23:03+00:00
spotify:track:15e0X7dZpR6r4bE6lpmNGW,Miss Me (Bad Vibes),spotify:artist:2PLgHkAWIico5HHJIq5Trl,Bex,spotify:album:3TIpMfHHSHcxAK21dznS1k,Miss Me (Bad Vibes),spotify:artist:2PLgHkAWIico5HHJIq5Trl,Bex,2024-07-12,https://i.scdn.co/image/ab67616d0000b273aeb740f3809071cad9d3c883,1,1,153823,https://p.scdn.co/mp3-preview/ad082b022d41a0b1afc101b35206d4c83925a3c3?cid=9950ac751e34487dbbe027c4fd7f8e99,False,53,UKELY2400052,spotify:user:315vu5jn2omfqxo2frbi2xu7d6qm,2025-01-28 01:23:03+00:00
spotify:track:0PHnChUac29erzEHRyYF07,Dementor,"spotify:artist:5hqRsNHDZH1jHzI9LgxFRZ, spotify:artist:1silJqJQfrrZNFvWWjAyhh, spotify:artist:4IOcH2NQRq0s00mQkkqCOw","Filipek, Tymek, D3W",spotify:album:1LAnbsWB2hEupgjKQNxoMM,Następny do piekła,spotify:artist:5hqRsNHDZH1jHzI9LgxFRZ,Filipek,2019-03-29,https://i.scdn.co/image/ab67616d0000b2737268d061ec20a643489bd537,1,7,240005,https://p.scdn.co/mp3-preview/5d98b18aa3a922739ec5c2d3a0e3b675eb88a9b6?cid=9950ac751e34487dbbe027c4fd7f8e99,True,49,PLV401900430,spotify:user:315vu5jn2omfqxo2frbi2xu7d6qm,2025-01-28 01:23:03+00:00
spotify:track:27EL0H8RGWKCGfJTgFYy22,Uptown,spotify:artist:2PLgHkAWIico5HHJIq5Trl,Bex,spotify:album:6if1xF0Z7aq5daX3rXn7tu,Uptown,spotify:artist:2PLgHkAWIico5HHJIq5Trl,Bex,2024-10-04,https://i.scdn.co/image/ab67616d0000b27315cc15b31a43e196cd155aad,1,1,136188,https://p.scdn.co/mp3-preview/8e8cd2fe5ab33c0ddc26ab79945889e58361584a?cid=9950ac751e34487dbbe027c4fd7f8e99,False,52,UKELY2400065,spotify:user:315vu5jn2omfqxo2frbi2xu7d6qm,2025-01-28 01:23:03+00:00
spotify:track:3CA9pLiwRIGtUBiMjbZmRw,Nice For What,spotify:artist:3TVXtAsR1Inumwj472S9r4,Drake,spotify:album:1ATL5GLyefJaxhQzSPVrLX,Scorpion,spotify:artist:3TVXtAsR1Inumwj472S9r4,Drake,2018-06-29,https://i.scdn.co/image/ab67616d0000b273f907de96b9a4fbc04accc0d5,2,4,210746,https://p.scdn.co/mp3-preview/6cafe308e1bee1313826b475a40d39a3eb3204c2?cid=9950ac751e34487dbbe027c4fd7f8e99,True,80,USCM51800077,spotify:user:315vu5jn2omfqxo2frbi2xu7d6qm,2025-01-28 01:23:03+00:00
spotify:track:11RrOC3eYZx2PVksZ0E9rW,Wake Up,"spotify:artist:2MjVr5NjCCoPSEkXnl92Ld, spotify:artist:1FOXdn6zBCU0PIoen82mOl","Kofi, Kama",spotify:album:5mxShovbUUWCrWCPcH2OxT,Wake Up,spotify:artist:2MjVr5NjCCoPSEkXnl92Ld,Kofi,2018-09-23,https://i.scdn.co/image/ab67616d0000b273c59662c277f0e8e9a9a2a0a6,1,1,306666,https://p.scdn.co/mp3-preview/d8f47f0f1dc9fa150124306391d64932b6ffd7d9?cid=9950ac751e34487dbbe027c4fd7f8e99,True,0,QM2PV1896428,spotify:user:315vu5jn2omfqxo2frbi2xu7d6qm,2025-01-28 01:23:03+00:00
spotify:track:7MiZjKawmXTsTNePyTfPyL,Devil Eyes,spotify:artist:4dM6NDYSfLcspt8GLoT5aE,Hippie Sabotage,spotify:album:1RVXVo1puacM8aQ6hgQahi,Providence,spotify:artist:4dM6NDYSfLcspt8GLoT5aE,Hippie Sabotage,2016-02-05,https://i.scdn.co/image/ab67616d0000b273ecdad1ee6d530eb965d7c51e,1,6,131271,https://p.scdn.co/mp3-preview/712f2fe51bbaa666c423168f2c231098fbd09b4a?cid=9950ac751e34487dbbe027c4fd7f8e99,False,79,US7SR1600006,spotify:user:315vu5jn2omfqxo2frbi2xu7d6qm,2025-01-31 22:38:57+00:00
spotify:track:2DwKP4rWgDwefcFsPWT9pj,DEALER (feat. Future & Lil Baby),"spotify:artist:0j1Pwmd6nuk0BXD1RqoHDw, spotify:artist:1RyvyyTE3xzB2ZywiAwp0i, spotify:artist:5f7VJjfbwm532GiveGC0ZK","RMR, Future, Lil Baby",spotify:album:4d8hzP88kgjEp0JaGvCyTj,DRUG DEALING IS A LOST ART,spotify:artist:0j1Pwmd6nuk0BXD1RqoHDw,RMR,2020-06-12,https://i.scdn.co/image/ab67616d0000b27368637b33a43ffc8215591d94,1,7,192794,https://p.scdn.co/mp3-preview/a312ebdeee4dfc06744ffa271b44eab9ee9160c6?cid=9950ac751e34487dbbe027c4fd7f8e99,True,51,USWB12001124,spotify:user:315vu5jn2omfqxo2frbi2xu7d6qm,2025-02-20 00:18:00+00:00
spotify:track:5fwf3pT6O1WjXRcEjQRTUD,Hey Sarah Pt. 2,"spotify:artist:6GSZ8C4Dyu5VsGz16jAgPC, spotify:artist:6AgTAQt8XS6jRWi4sX7w49, spotify:artist:4PNHuWkk4ee6R8WEhFVPf5","FCG Heem, Polo G, NoCap",spotify:album:0wxVrtqECa6WZsGUbUb8PT,Hey Sarah Pt. 2,"spotify:artist:6GSZ8C4Dyu5VsGz16jAgPC, spotify:artist:6AgTAQt8XS6jRWi4sX7w49","FCG Heem, Polo G",2025-02-28,https://i.scdn.co/image/ab67616d0000b273f0983988bcb97e1715fc6aa9,1,1,346415,https://p.scdn.co/mp3-preview/26c62dad5bdbe227c7a3ac2d9417ce2ee253c207?cid=9950ac751e34487dbbe027c4fd7f8e99,True,53,QZTGW2403213,spotify:user:315vu5jn2omfqxo2frbi2xu7d6qm,2025-03-01 04:03:06+00:00
